{
    "Entropy": [
        89.19283294677734,
        88.93006134033203,
        89.27320861816406,
        88.34971618652344,
        85.46346282958984,
        88.34971618652344,
        92.817138671875,
        92.2880630493164,
        92.817138671875,
        86.42192840576172,
        87.68011474609375,
        89.77130126953125,
        87.25325012207031,
        87.21036529541016,
        84.4416275024414,
        88.6421127319336,
        82.66968536376953,
        84.11442565917969,
        89.53440856933594,
        89.53440856933594,
        91.3001480102539,
        75.86943054199219,
        85.3091812133789,
        78.79317474365234,
        90.97825622558594,
        85.81748962402344,
        90.97825622558594,
        85.73291015625,
        86.74699401855469,
        87.24568939208984,
        87.86897277832031,
        87.86897277832031,
        87.86897277832031,
        84.30035400390625,
        84.57305908203125,
        82.70750427246094,
        79.44963836669922,
        79.53865814208984,
        79.40882873535156,
        84.39818572998047,
        84.50997161865234,
        81.80856323242188,
        79.59919738769531,
        84.73621368408203,
        79.41644287109375,
        81.55994415283203,
        79.11168670654297,
        81.98149108886719,
        83.85104370117188,
        81.5313949584961,
        82.89158630371094,
        82.37939453125,
        79.68993377685547,
        80.07512664794922
    ],
    "entropy_cali": [
        29.287153244018555,
        29.31371307373047,
        29.30550765991211,
        30.58247947692871,
        29.976154327392578,
        30.58247947692871,
        30.25095558166504,
        30.160966873168945,
        30.25095558166504,
        29.361949920654297,
        30.3192081451416,
        29.393733978271484,
        27.872726440429688,
        28.291025161743164,
        27.70292854309082,
        27.095983505249023,
        27.14642906188965,
        26.940170288085938,
        30.784530639648438,
        30.784530639648438,
        30.514434814453125,
        28.92017364501953,
        29.4694766998291,
        29.05768394470215,
        29.22141456604004,
        29.01631736755371,
        29.22141456604004,
        28.947996139526367,
        29.999774932861328,
        29.783742904663086,
        30.567834854125977,
        30.567834854125977,
        30.567834854125977,
        29.22844696044922,
        29.185707092285156,
        30.900697708129883,
        31.17753028869629,
        31.146955490112305,
        31.128469467163086,
        30.88582992553711,
        30.919048309326172,
        30.371431350708008,
        27.032997131347656,
        26.409530639648438,
        28.25421905517578,
        28.793376922607422,
        28.89278221130371,
        28.72348976135254,
        30.44979476928711,
        29.613372802734375,
        30.109668731689453,
        30.136043548583984,
        30.078413009643555,
        30.224267959594727
    ],
    "variance_cali": [
        2.9558353424072266,
        2.9569685459136963,
        2.956385374069214,
        2.9979679584503174,
        2.971478223800659,
        2.9979679584503174,
        3.0667057037353516,
        3.0747199058532715,
        3.0667057037353516,
        3.0101568698883057,
        3.01456356048584,
        2.963921546936035,
        2.933288812637329,
        2.959195852279663,
        2.9363300800323486,
        2.987170457839966,
        2.9504146575927734,
        2.9370503425598145,
        3.028125524520874,
        3.028125524520874,
        3.0126984119415283,
        2.9632036685943604,
        2.956061840057373,
        2.9715735912323,
        3.0868570804595947,
        3.09125018119812,
        3.0868570804595947,
        3.0521132946014404,
        3.078860282897949,
        3.078526258468628,
        3.0182793140411377,
        3.0182793140411377,
        3.0182793140411377,
        3.0040194988250732,
        2.99867844581604,
        3.0493478775024414,
        3.1118950843811035,
        3.115988254547119,
        3.127396821975708,
        3.098404884338379,
        3.098673105239868,
        3.1047017574310303,
        3.151528835296631,
        3.1641006469726562,
        3.1730384826660156,
        3.146862030029297,
        3.1420116424560547,
        3.1599748134613037,
        3.074096918106079,
        3.0133464336395264,
        3.0536038875579834,
        3.0684683322906494,
        3.0729165077209473,
        3.0677103996276855
    ]
}