{
    "Entropy": [
        39.75731658935547,
        38.56037902832031,
        41.0349235534668,
        49.540313720703125,
        33.59967041015625,
        39.65877151489258,
        20.171388626098633,
        19.98624038696289,
        46.23326873779297
    ],
    "entropy_cali": [
        17.700729370117188,
        24.63739013671875,
        26.153383255004883,
        21.378767013549805,
        16.90284538269043,
        16.955524444580078,
        14.803595542907715,
        8.997858047485352,
        27.822189331054688
    ],
    "variance_cali": [
        8.261302947998047,
        8.308940887451172,
        8.460714340209961,
        7.962997913360596,
        8.13697338104248,
        8.15199089050293,
        7.323606967926025,
        7.0368499755859375,
        7.722142696380615
    ]
}