{
    "Entropy": [
        38.73236083984375,
        39.75731658935547,
        39.64583206176758,
        33.64338684082031,
        37.699790954589844,
        38.69114303588867,
        50.426292419433594,
        39.400691986083984,
        42.11626052856445,
        48.858585357666016,
        49.06842041015625,
        49.1979866027832,
        48.02622604370117,
        48.25933837890625,
        50.52783203125,
        49.96849822998047,
        49.26612854003906,
        37.247310638427734,
        54.963844299316406,
        56.77480697631836,
        56.10824203491211,
        50.837547302246094,
        50.06340026855469,
        54.167457580566406,
        41.28277587890625,
        34.86371994018555,
        43.62153625488281,
        31.9779109954834,
        37.8333854675293,
        36.99822998046875,
        38.17171096801758,
        51.01327133178711,
        48.85862350463867,
        40.79024124145508,
        26.901798248291016,
        39.02711868286133,
        32.884620666503906,
        39.65892028808594,
        27.89362335205078,
        31.137351989746094,
        35.620391845703125,
        29.01093292236328,
        20.451873779296875,
        20.451873779296875,
        22.429197311401367,
        17.72541618347168,
        17.093528747558594,
        19.72300148010254,
        47.465633392333984,
        46.61165237426758,
        47.674495697021484,
        47.23126220703125,
        48.93926239013672,
        44.653446197509766
    ],
    "entropy_cali": [
        13.936688423156738,
        17.700729370117188,
        17.904624938964844,
        18.21430015563965,
        17.002750396728516,
        17.625667572021484,
        19.894617080688477,
        16.649410247802734,
        16.209375381469727,
        21.936410903930664,
        18.687698364257812,
        20.35842514038086,
        27.15998077392578,
        28.033231735229492,
        27.664535522460938,
        24.354869842529297,
        25.093585968017578,
        22.28475570678711,
        24.263303756713867,
        24.984365463256836,
        22.11058807373047,
        28.500009536743164,
        25.500335693359375,
        30.621688842773438,
        21.273021697998047,
        22.33756446838379,
        22.231063842773438,
        19.37677764892578,
        17.279224395751953,
        16.934396743774414,
        14.828957557678223,
        20.74443244934082,
        17.855989456176758,
        22.096996307373047,
        17.28607749938965,
        17.671401977539062,
        10.975897789001465,
        11.650505065917969,
        8.507057189941406,
        8.942676544189453,
        7.806434631347656,
        4.988544464111328,
        11.292356491088867,
        11.292356491088867,
        11.98353385925293,
        13.100322723388672,
        13.517322540283203,
        13.509719848632812,
        23.878559112548828,
        22.7474308013916,
        23.852834701538086,
        26.78911781311035,
        27.22993278503418,
        26.034893035888672
    ],
    "variance_cali": [
        7.843413352966309,
        8.261302947998047,
        8.261616706848145,
        8.324264526367188,
        8.107780456542969,
        8.038556098937988,
        8.025729179382324,
        8.403990745544434,
        8.246467590332031,
        8.365107536315918,
        8.4073486328125,
        8.54031753540039,
        7.972290992736816,
        8.379444122314453,
        7.958542346954346,
        8.32349681854248,
        8.044198036193848,
        8.407679557800293,
        8.460210800170898,
        8.500272750854492,
        8.424883842468262,
        8.327142715454102,
        8.589985847473145,
        8.432036399841309,
        8.140482902526855,
        7.67038631439209,
        7.874388217926025,
        7.883155345916748,
        8.0677490234375,
        8.039907455444336,
        8.107686042785645,
        8.097606658935547,
        7.982952117919922,
        8.381390571594238,
        8.132707595825195,
        8.194744110107422,
        7.297463893890381,
        7.4024200439453125,
        7.345710754394531,
        7.310659885406494,
        7.438045024871826,
        7.216235160827637,
        6.765514373779297,
        6.765514373779297,
        6.877742290496826,
        6.610243320465088,
        6.5160651206970215,
        6.7644853591918945,
        8.207849502563477,
        8.232908248901367,
        8.184050559997559,
        8.231772422790527,
        8.146210670471191,
        8.310330390930176
    ]
}