{
    "Entropy": [
        39.75731658935547,
        41.199546813964844,
        40.17011260986328,
        34.66685104370117,
        37.98979187011719,
        34.424434661865234,
        49.79055404663086,
        49.79055404663086,
        51.08029556274414,
        46.590293884277344,
        45.90320587158203,
        47.58419418334961,
        46.77887725830078,
        47.00776672363281,
        45.102691650390625,
        44.069480895996094,
        45.1889762878418,
        50.823123931884766,
        47.66099166870117,
        54.887001037597656,
        51.587196350097656,
        50.616065979003906,
        54.63974380493164,
        52.3254508972168,
        37.20695877075195,
        35.41476821899414,
        35.20012283325195,
        30.117664337158203,
        31.84427833557129,
        34.66069793701172,
        47.1219596862793,
        40.27604293823242,
        41.66096115112305,
        43.76960372924805,
        41.45054244995117,
        42.60121536254883,
        29.860179901123047,
        34.28379440307617,
        36.35130310058594,
        32.954010009765625,
        29.87097930908203,
        32.814109802246094,
        18.856731414794922,
        14.046055793762207,
        17.771543502807617,
        20.1517333984375,
        27.99197006225586,
        25.935543060302734,
        48.08612060546875,
        43.28347396850586,
        52.300506591796875,
        52.068965911865234,
        47.82453536987305,
        50.259971618652344
    ],
    "entropy_cali": [
        17.700729370117188,
        15.230213165283203,
        17.963388442993164,
        16.874448776245117,
        16.689332962036133,
        17.16062355041504,
        22.220298767089844,
        22.220298767089844,
        27.314620971679688,
        21.805755615234375,
        21.083555221557617,
        25.19668197631836,
        28.126440048217773,
        31.184043884277344,
        28.233779907226562,
        25.940998077392578,
        24.3992919921875,
        29.975988388061523,
        26.892784118652344,
        30.67793846130371,
        25.89851188659668,
        23.71881675720215,
        26.061378479003906,
        24.837390899658203,
        26.303613662719727,
        25.291288375854492,
        26.16566276550293,
        27.048086166381836,
        26.22968101501465,
        31.069047927856445,
        24.813934326171875,
        19.32780647277832,
        18.616931915283203,
        19.708383560180664,
        17.721513748168945,
        19.053585052490234,
        10.972075462341309,
        11.473832130432129,
        13.643072128295898,
        9.3915376663208,
        5.703224182128906,
        8.819844245910645,
        13.561758995056152,
        6.890712738037109,
        9.343019485473633,
        13.741595268249512,
        16.215665817260742,
        20.143997192382812,
        31.073253631591797,
        30.38443946838379,
        33.354248046875,
        32.22722625732422,
        24.949604034423828,
        27.007238388061523
    ],
    "variance_cali": [
        8.261302947998047,
        7.696976661682129,
        7.879772186279297,
        8.172832489013672,
        8.098891258239746,
        8.24960708618164,
        8.12120532989502,
        8.12120532989502,
        8.099976539611816,
        8.098889350891113,
        8.121614456176758,
        8.034831047058105,
        8.381697654724121,
        7.948372840881348,
        7.943871021270752,
        8.266145706176758,
        8.279928207397461,
        8.113683700561523,
        8.398514747619629,
        8.32354736328125,
        8.22458267211914,
        8.479015350341797,
        8.409843444824219,
        8.469011306762695,
        8.183547019958496,
        8.203783988952637,
        8.076848030090332,
        8.197855949401855,
        8.191264152526855,
        8.294236183166504,
        7.708526611328125,
        7.818631649017334,
        7.819077968597412,
        7.9033427238464355,
        7.947941303253174,
        8.060006141662598,
        7.368906497955322,
        7.458463191986084,
        7.40895938873291,
        7.315474987030029,
        7.4367804527282715,
        7.345871448516846,
        7.266444206237793,
        6.628756046295166,
        6.502519130706787,
        6.626750469207764,
        6.730562210083008,
        6.869511604309082,
        8.44548511505127,
        8.591113090515137,
        8.220430374145508,
        8.203407287597656,
        8.113882064819336,
        8.297873497009277
    ]
}