{
    "Entropy": [
        88.93006134033203,
        88.93006134033203,
        88.93006134033203,
        88.83389282226562,
        88.34971618652344,
        88.34971618652344,
        91.84166717529297,
        87.31511688232422,
        91.84166717529297,
        88.78861999511719,
        89.97476196289062,
        86.275634765625,
        85.96685791015625,
        84.4757308959961,
        85.91941833496094,
        83.5884780883789,
        83.5884780883789,
        85.36437225341797,
        95.63727569580078,
        93.01280212402344,
        92.33385467529297,
        97.24714660644531,
        97.24714660644531,
        97.6212158203125,
        83.05240631103516,
        83.5267562866211,
        84.55221557617188,
        86.9891586303711,
        90.51838684082031,
        88.8751220703125,
        88.21843719482422,
        88.81306457519531,
        88.6326675415039,
        91.23292541503906,
        90.14824676513672,
        90.36650085449219,
        79.53865814208984,
        82.95939636230469,
        79.07542419433594,
        85.76200866699219,
        84.45661926269531,
        84.45661926269531,
        77.67900085449219,
        81.53477478027344,
        77.67900085449219,
        82.53861236572266,
        83.83051300048828,
        83.52513122558594,
        87.05696868896484,
        84.03195190429688,
        82.90050506591797,
        84.70458984375,
        85.76138305664062,
        84.80152893066406
    ],
    "entropy_cali": [
        29.31371307373047,
        29.31371307373047,
        29.31371307373047,
        30.428869247436523,
        30.58247947692871,
        30.58247947692871,
        30.614498138427734,
        31.05585479736328,
        30.614498138427734,
        30.994712829589844,
        28.516103744506836,
        30.39328384399414,
        31.493900299072266,
        32.93239974975586,
        31.127662658691406,
        32.5810432434082,
        32.5810432434082,
        32.93491744995117,
        32.80084991455078,
        32.37434005737305,
        32.53786849975586,
        32.03923797607422,
        32.03923797607422,
        31.921377182006836,
        28.84937858581543,
        29.278100967407227,
        28.93912124633789,
        28.817790985107422,
        29.35533905029297,
        28.757890701293945,
        29.11082649230957,
        30.46642303466797,
        29.776710510253906,
        29.017383575439453,
        30.28485107421875,
        30.223182678222656,
        31.146955490112305,
        30.593809127807617,
        30.584056854248047,
        31.360111236572266,
        30.9942569732666,
        30.9942569732666,
        26.894210815429688,
        29.25510597229004,
        26.894210815429688,
        29.923744201660156,
        29.78811264038086,
        29.637659072875977,
        27.46017074584961,
        27.499425888061523,
        26.829126358032227,
        27.60713005065918,
        27.54739761352539,
        26.710968017578125
    ],
    "variance_cali": [
        2.9569685459136963,
        2.9569685459136963,
        2.9569685459136963,
        2.988076686859131,
        2.9979679584503174,
        2.9979679584503174,
        2.9950525760650635,
        3.004688024520874,
        2.9950525760650635,
        3.0196921825408936,
        2.9636614322662354,
        3.0303690433502197,
        3.1547060012817383,
        3.1615662574768066,
        3.1427104473114014,
        3.1225860118865967,
        3.1225860118865967,
        3.1279945373535156,
        3.102175235748291,
        3.0746545791625977,
        3.0663537979125977,
        3.077852487564087,
        3.077852487564087,
        3.077375650405884,
        3.017108201980591,
        3.0548250675201416,
        3.0614497661590576,
        3.0590429306030273,
        3.0709540843963623,
        3.0643067359924316,
        3.093522787094116,
        3.027686595916748,
        3.040604591369629,
        3.068557024002075,
        3.0716452598571777,
        3.0665552616119385,
        3.115988254547119,
        3.0838725566864014,
        3.1035914421081543,
        3.131932020187378,
        3.099627733230591,
        3.099627733230591,
        3.0671887397766113,
        3.0970277786254883,
        3.0671887397766113,
        3.138068199157715,
        3.1211769580841064,
        3.1057205200195312,
        2.997941255569458,
        2.9739890098571777,
        2.99924635887146,
        2.9752514362335205,
        2.979992389678955,
        2.988008499145508
    ]
}