{
    "Entropy": [
        94.72276306152344,
        98.84344482421875,
        82.74349975585938,
        85.77371978759766,
        94.70084381103516,
        86.49632263183594,
        73.54393005371094,
        84.81466674804688,
        85.18560791015625
    ],
    "entropy_cali": [
        27.02008056640625,
        29.992416381835938,
        29.45171356201172,
        30.120861053466797,
        29.900392532348633,
        31.083654403686523,
        29.57453727722168,
        27.552644729614258,
        26.93215560913086
    ],
    "variance_cali": [
        2.990628480911255,
        3.083198070526123,
        3.088858127593994,
        3.027570962905884,
        3.0823137760162354,
        3.0447962284088135,
        3.1075832843780518,
        3.1531598567962646,
        2.999680757522583
    ]
}