{
    "Entropy": [
        53.23979949951172,
        33.83028030395508,
        42.541378021240234,
        49.53013229370117,
        40.88956832885742,
        41.06960678100586,
        -5.88288688659668,
        27.746667861938477,
        47.45600891113281
    ],
    "entropy_cali": [
        22.51953125,
        19.868125915527344,
        22.021610260009766,
        24.550046920776367,
        21.949954986572266,
        27.975345611572266,
        -1.9017324447631836,
        15.606695175170898,
        23.282590866088867
    ],
    "variance_cali": [
        8.193838119506836,
        8.396331787109375,
        8.117229461669922,
        8.567937850952148,
        7.992671966552734,
        8.121976852416992,
        7.256636142730713,
        7.208579063415527,
        8.17265796661377
    ]
}