{
    "Entropy": [
        89.27320861816406,
        84.06684875488281,
        92.54143524169922,
        93.43011474609375,
        89.17301940917969,
        87.21419525146484,
        79.32118225097656,
        81.55345153808594,
        85.50515747070312
    ],
    "entropy_cali": [
        29.30550765991211,
        29.234725952148438,
        29.5648136138916,
        31.80807876586914,
        27.912647247314453,
        29.164640426635742,
        29.714427947998047,
        27.560325622558594,
        30.588563919067383
    ],
    "variance_cali": [
        2.956385374069214,
        3.0008528232574463,
        3.090442419052124,
        3.070288896560669,
        3.0386037826538086,
        3.115246534347534,
        3.1419055461883545,
        3.090576410293579,
        3.109375238418579
    ]
}